<?xml version="1.0" encoding="UTF-8"?>
<project-private xmlns="http://www.netbeans.org/ns/project-private/1">
    <editor-bookmarks xmlns="http://www.netbeans.org/ns/editor-bookmarks/2" lastBookmarkId="0"/>
    <open-files xmlns="http://www.netbeans.org/ns/projectui-open-files/2">
        <group>
            <file>file:/D:/working/gitsrc/MobitLock/013_Protocol.h</file>
            <file>file:/D:/working/gitsrc/MobitLock/011_Spi.c</file>
            <file>file:/D:/working/gitsrc/MobitLock/013_Protocol.c</file>
            <file>file:/D:/working/gitsrc/MobitLock/008_RingBuffer.c</file>
            <file>file:/D:/working/gitsrc/MobitLock/001_Tick_10ms.c</file>
            <file>file:/D:/working/gitsrc/MobitLock/000_Main.c</file>
            <file>file:/D:/working/gitsrc/MobitLock/009_System.h</file>
            <file>file:/D:/working/gitsrc/MobitLock/mcc_generated_files/spi2.c</file>
            <file>file:/D:/working/gitsrc/MobitLock/007_Uart.c</file>
            <file>file:/D:/working/gitsrc/MobitLock/003_BG96.c</file>
            <file>file:/D:/working/gitsrc/MobitLock/009_System.c</file>
        </group>
    </open-files>
</project-private>
